file,brisque,laplace
images/cc0_image_blurry.jpg,39.803663276689434,141.53863914748337
images/cc0_image_clear.jpg,19.27929491549841,2992.3613823694723
